filename,width,height,class,xmin,ymin,xmax,ymax
vid01_img0213.jpg,1280,720,pollen,815,381,923,461
vid01_img0214.jpg,1280,720,pollen,824,379,920,450
vid01_img0370.jpg,1280,720,pollen,615,324,713,412
vid01_img0384.jpg,1280,720,pollen,814,346,915,429
vid01_img0504.jpg,1280,720,pollen,633,331,740,406
vid01_img0549.jpg,1280,720,pollen,585,284,658,359
vid01_img0550.jpg,1280,720,pollen,582,278,661,354
vid01_img0815.jpg,1280,720,pollen,379,244,458,319
vid01_img0816.jpg,1280,720,pollen,379,245,469,319
vid01_img0886.jpg,1280,720,pollen,619,329,723,397
vid01_img0899.jpg,1280,720,pollen,405,246,496,317
vid01_img1033.jpg,1280,720,pollen,548,491,655,609
vid01_img1048.jpg,1280,720,pollen,735,324,823,432
vid01_img1051.jpg,1280,720,pollen,821,366,905,446
vid01_img1114.jpg,1280,720,pollen,479,251,568,342
vid01_img1115.jpg,1280,720,pollen,471,264,578,348
vid01_img1135.jpg,1280,720,pollen,663,129,780,216
vid01_img1156.jpg,1280,720,pollen,855,381,943,456
vid01_img1170.jpg,1280,720,pollen,518,317,628,380
vid01_img1172.jpg,1280,720,pollen,540,309,639,377
vid01_img1173.jpg,1280,720,pollen,546,305,651,371
vid01_img1174.jpg,1280,720,pollen,558,299,654,372
vid01_img1273.jpg,1280,720,pollen,790,337,879,427
vid01_img1274.jpg,1280,720,pollen,787,329,885,419
vid01_img1286.jpg,1280,720,pollen,810,369,888,450
vid01_img1356.jpg,1280,720,pollen,390,255,490,329
vid01_img1357.jpg,1280,720,pollen,386,258,496,322
vid01_img1362.jpg,1280,720,pollen,387,274,466,364
vid01_img1437.jpg,1280,720,pollen,633,343,745,412
vid01_img1438.jpg,1280,720,pollen,641,338,750,410
vid01_img2353.jpg,1280,720,pollen,389,247,479,317
vid01_img2954.jpg,1280,720,pollen,758,360,848,439
vid01_img2958.jpg,1280,720,pollen,810,339,895,419
vid01_img3135.jpg,1280,720,pollen,705,360,814,444
vid01_img3139.jpg,1280,720,pollen,738,360,871,429
vid01_img3224.jpg,1280,720,pollen,755,335,858,409
vid01_img3300.jpg,1280,720,pollen,832,378,926,447
vid01_img3302.jpg,1280,720,pollen,833,366,935,444
vid01_img3303.jpg,1280,720,pollen,836,353,942,440
vid01_img3304.jpg,1280,720,pollen,849,349,942,439
vid01_img3416.jpg,1280,720,pollen,705,290,785,396
vid01_img3443.jpg,1280,720,pollen,365,240,503,302
vid01_img3513.jpg,1280,720,pollen,752,328,857,418
vid01_img3789.jpg,1280,720,pollen,372,237,468,306
vid01_img4102.jpg,1280,720,pollen,478,316,578,382
vid01_img4103.jpg,1280,720,pollen,494,316,592,390
vid01_img4119.jpg,1280,720,pollen,920,427,1002,546
vid01_img4133.jpg,1280,720,pollen,347,302,450,386
vid01_img4157.jpg,1280,720,pollen,845,364,949,453
vid01_img4158.jpg,1280,720,pollen,840,370,944,453
vid01_img4328.jpg,1280,720,pollen,681,326,751,429
vid01_img4451.jpg,1280,720,pollen,183,219,286,273
vid01_img4452.jpg,1280,720,pollen,175,195,285,276
vid02_img0837.jpg,1280,720,pollen,369,289,653,714
vid02_img0841.jpg,1280,720,pollen,43,238,354,651
vid02_img0842.jpg,1280,720,pollen,33,220,344,589
vid02_img0843.jpg,1280,720,pollen,31,226,326,565
vid02_img0844.jpg,1280,720,pollen,11,186,320,503
vid02_img0845.jpg,1280,720,pollen,5,155,305,480
vid02_img0846.jpg,1280,720,pollen,3,104,280,455
vid02_img4935.jpg,1280,720,pollen,929,85,1279,572
vid02_img7466.jpg,1280,720,pollen,894,59,1280,403
vid02_img7467.jpg,1280,720,pollen,925,48,1269,429
vid02_img7468.jpg,1280,720,pollen,903,52,1280,399
vid02_img7469.jpg,1280,720,pollen,863,72,1280,409
vid02_img7471.jpg,1280,720,pollen,828,66,1277,362
vid04_img0001.jpg,1280,720,pollen,869,192,1054,312
vid04_img0118.jpg,1280,720,pollen,799,31,899,107
vid04_img0119.jpg,1280,720,pollen,755,81,853,158
vid04_img0120.jpg,1280,720,pollen,724,121,803,195
vid04_img0121.jpg,1280,720,pollen,691,146,775,211
vid04_img0122.jpg,1280,720,pollen,666,150,763,199
vid04_img0126.jpg,1280,720,pollen,619,137,699,189
vid04_img0514.jpg,1280,720,pollen,1156,91,1253,174
vid04_img0515.jpg,1280,720,pollen,1124,128,1212,194
vid04_img0515.jpg,1280,720,pollen,1175,281,1245,367
vid04_img0516.jpg,1280,720,pollen,1078,140,1171,212
vid04_img0516.jpg,1280,720,pollen,1125,310,1213,369
vid04_img0517.jpg,1280,720,pollen,1031,145,1121,215
vid04_img0517.jpg,1280,720,pollen,1062,299,1150,361
vid04_img0518.jpg,1280,720,pollen,981,136,1063,206
vid04_img0518.jpg,1280,720,pollen,1013,270,1082,337
vid04_img0519.jpg,1280,720,pollen,938,117,1023,186
vid04_img0519.jpg,1280,720,pollen,1021,260,1073,346
vid04_img0520.jpg,1280,720,pollen,895,106,985,172
vid04_img0520.jpg,1280,720,pollen,1048,275,1125,353
vid04_img0521.jpg,1280,720,pollen,861,104,949,169
vid04_img0521.jpg,1280,720,pollen,1095,288,1181,353
vid04_img0522.jpg,1280,720,pollen,816,101,899,165
vid04_img0522.jpg,1280,720,pollen,1158,314,1242,374
vid04_img0523.jpg,1280,720,pollen,776,99,855,168
vid04_img0524.jpg,1280,720,pollen,743,94,829,154
vid04_img0526.jpg,1280,720,pollen,685,83,756,146
vid04_img0543.jpg,1280,720,pollen,831,27,966,114
vid04_img0544.jpg,1280,720,pollen,807,109,963,191
vid04_img0545.jpg,1280,720,pollen,778,194,943,279
vid04_img0546.jpg,1280,720,pollen,738,223,931,311
vid04_img0547.jpg,1280,720,pollen,699,259,887,345
vid04_img0548.jpg,1280,720,pollen,623,305,809,416
vid04_img0549.jpg,1280,720,pollen,578,339,729,436
vid04_img0590.jpg,1280,720,pollen,564,200,677,289
vid04_img0591.jpg,1280,720,pollen,583,220,682,319
vid04_img0652.jpg,1280,720,pollen,766,6,809,80
vid04_img0653.jpg,1280,720,pollen,766,1,810,78
vid04_img0657.jpg,1280,720,pollen,777,10,809,87
vid04_img0735.jpg,1280,720,pollen,847,36,929,96
vid04_img0772.jpg,1280,720,pollen,947,79,1015,128
vid04_img0773.jpg,1280,720,pollen,963,96,1037,139
vid04_img0774.jpg,1280,720,pollen,968,96,1035,138
vid04_img0778.jpg,1280,720,pollen,871,74,932,112
vid04_img0817.jpg,1280,720,pollen,866,64,943,109
vid04_img0820.jpg,1280,720,pollen,861,76,929,116
vid04_img0821.jpg,1280,720,pollen,844,76,918,109
vid04_img1018.jpg,1280,720,pollen,695,112,835,221
vid04_img1019.jpg,1280,720,pollen,725,139,834,258
vid04_img1053.jpg,1280,720,pollen,842,94,949,168
vid04_img1054.jpg,1280,720,pollen,905,154,1015,232
vid04_img1055.jpg,1280,720,pollen,935,182,1047,249
vid04_img1056.jpg,1280,720,pollen,938,185,1045,249
vid04_img1057.jpg,1280,720,pollen,899,166,1001,227
vid04_img1058.jpg,1280,720,pollen,817,139,930,194
vid04_img1059.jpg,1280,720,pollen,736,141,857,203
vid04_img1060.jpg,1280,720,pollen,738,140,856,205
vid04_img1061.jpg,1280,720,pollen,666,163,775,236
vid04_img1098.jpg,1280,720,pollen,755,99,878,171
vid04_img1099.jpg,1280,720,pollen,739,126,872,198
vid04_img1100.jpg,1280,720,pollen,736,128,856,212
vid04_img1103.jpg,1280,720,pollen,699,134,833,206
vid06_img0151.jpg,1280,720,pollen,295,210,414,298
vid06_img0152.jpg,1280,720,pollen,285,208,394,299
vid06_img0154.jpg,1280,720,pollen,300,201,395,301
vid06_img0155.jpg,1280,720,pollen,295,209,395,298
vid06_img0156.jpg,1280,720,pollen,287,201,404,295
vid06_img0157.jpg,1280,720,pollen,285,188,405,279
vid06_img0158.jpg,1280,720,pollen,281,179,390,279
vid06_img0159.jpg,1280,720,pollen,279,170,387,266
vid06_img0160.jpg,1280,720,pollen,266,164,374,265
vid06_img0161.jpg,1280,720,pollen,265,166,372,270
vid06_img0163.jpg,1280,720,pollen,250,170,384,262
vid06_img0164.jpg,1280,720,pollen,246,163,375,250
vid06_img0165.jpg,1280,720,pollen,243,160,353,263
vid06_img0166.jpg,1280,720,pollen,227,159,347,253
vid06_img0167.jpg,1280,720,pollen,235,162,345,255
vid06_img0168.jpg,1280,720,pollen,221,156,343,256
vid06_img0186.jpg,1280,720,pollen,181,112,271,204
vid06_img0187.jpg,1280,720,pollen,178,114,268,205
vid06_img0200.jpg,1280,720,pollen,87,111,184,190
vid06_img0261.jpg,1280,720,pollen,257,509,327,639
vid06_img0264.jpg,1280,720,pollen,242,592,325,704
vid06_img0288.jpg,1280,720,pollen,207,649,292,709
vid06_img0289.jpg,1280,720,pollen,203,638,292,715
vid06_img0297.jpg,1280,720,pollen,56,90,155,182
vid06_img0297.jpg,1280,720,pollen,221,649,305,719
vid06_img0313.jpg,1280,720,pollen,264,185,362,284
vid06_img0321.jpg,1280,720,pollen,323,177,433,269
vid06_img0349.jpg,1280,720,pollen,310,491,389,562
vid06_img0369.jpg,1280,720,pollen,338,194,409,288
vid06_img0370.jpg,1280,720,pollen,346,195,415,287
vid06_img0371.jpg,1280,720,pollen,343,196,423,283
vid06_img0380.jpg,1280,720,pollen,442,175,553,260
vid06_img0382.jpg,1280,720,pollen,459,179,587,262
vid06_img0383.jpg,1280,720,pollen,473,188,587,261
vid06_img0384.jpg,1280,720,pollen,476,189,599,267
vid06_img0385.jpg,1280,720,pollen,474,196,595,264
vid06_img0386.jpg,1280,720,pollen,474,185,595,259
vid06_img0392.jpg,1280,720,pollen,484,155,601,259
vid06_img0461.jpg,1280,720,pollen,651,27,715,141
vid06_img0564.jpg,1280,720,pollen,219,349,332,439
vid06_img0568.jpg,1280,720,pollen,365,372,463,479
vid06_img0569.jpg,1280,720,pollen,389,380,485,477
vid06_img0570.jpg,1280,720,pollen,401,385,491,484
vid06_img0584.jpg,1280,720,pollen,506,319,584,441
vid06_img0585.jpg,1280,720,pollen,500,307,585,429
vid06_img0776.jpg,1280,720,pollen,492,39,582,152
vid06_img0777.jpg,1280,720,pollen,515,39,575,164
vid06_img0778.jpg,1280,720,pollen,489,40,575,152
vid06_img0779.jpg,1280,720,pollen,487,27,574,146
vid06_img0780.jpg,1280,720,pollen,494,37,585,149
vid06_img0781.jpg,1280,720,pollen,510,37,581,169
vid06_img0782.jpg,1280,720,pollen,519,22,582,156
vid06_img0791.jpg,1280,720,pollen,545,35,614,150
vid06_img0816.jpg,1280,720,pollen,620,86,696,191
vid06_img0826.jpg,1280,720,pollen,587,76,698,196
vid06_img0827.jpg,1280,720,pollen,569,74,689,184
vid06_img0850.jpg,1280,720,pollen,464,29,537,125
vid06_img0856.jpg,1280,720,pollen,437,15,514,138
vid06_img0866.jpg,1280,720,pollen,309,29,394,112
vid06_img0883.jpg,1280,720,pollen,53,55,151,152
vid06_img0899.jpg,1280,720,pollen,75,442,188,555
vid06_img0910.jpg,1280,720,pollen,353,434,454,535
vid06_img0911.jpg,1280,720,pollen,370,439,464,546
vid06_img0913.jpg,1280,720,pollen,384,444,491,542
vid06_img0914.jpg,1280,720,pollen,395,436,498,536
vid06_img0915.jpg,1280,720,pollen,413,440,518,529
vid06_img0916.jpg,1280,720,pollen,406,446,525,526
vid06_img1097.jpg,1280,720,pollen,763,182,836,260
vid06_img1099.jpg,1280,720,pollen,761,184,836,257
vid06_img1100.jpg,1280,720,pollen,757,179,833,249
vid06_img1101.jpg,1280,720,pollen,758,177,842,240
vid06_img1105.jpg,1280,720,pollen,771,146,853,235
vid06_img1106.jpg,1280,720,pollen,768,144,848,228
vid06_img1134.jpg,1280,720,pollen,773,189,893,269
vid06_img1135.jpg,1280,720,pollen,764,185,895,264
vid06_img1157.jpg,1280,720,pollen,703,129,794,202
vid06_img1333.jpg,1280,720,pollen,954,319,1060,391
vid06_img1364.jpg,1280,720,pollen,1140,410,1245,478
vid06_img1474.jpg,1280,720,pollen,895,383,989,437
vid06_img1486.jpg,1280,720,pollen,887,365,981,434
vid06_img1652.jpg,1280,720,pollen,726,255,815,311
vid06_img1936.jpg,1280,720,pollen,820,194,881,284
vid07_img0126.jpg,1280,720,pollen,232,71,340,149
vid07_img0127.jpg,1280,720,pollen,233,71,347,151
vid07_img0144.jpg,1280,720,pollen,281,139,403,207
vid07_img0170.jpg,1280,720,pollen,431,266,539,349
vid07_img0267.jpg,1280,720,pollen,515,497,635,649
vid07_img0311.jpg,1280,720,pollen,654,164,747,218
vid07_img0311.jpg,1280,720,pollen,854,238,983,349
vid07_img0901.jpg,1280,720,pollen,568,202,1224,709
vid07_img2212.jpg,1280,720,pollen,614,239,1233,689
vid07_img2231.jpg,1280,720,pollen,634,246,1236,689
vid07_img2761.jpg,1280,720,pollen,1092,479,1226,573
vid08_img10042.jpg,1280,720,pollen,818,256,942,348
vid08_img10147.jpg,1280,720,pollen,469,214,605,305
vid08_img10147.jpg,1280,720,pollen,899,279,1001,338
vid08_img10147.jpg,1280,720,pollen,1025,3,1145,63
vid08_img12920.jpg,1280,720,pollen,988,122,1063,169
vid08_img13164.jpg,1280,720,pollen,597,78,665,145
vid08_img9127.jpg,1280,720,pollen,1004,378,1121,489
vid08_img9127.jpg,1280,720,pollen,952,316,1049,389
vid08_img9157.jpg,1280,720,pollen,877,379,989,466
vid08_img9157.jpg,1280,720,pollen,976,388,1099,495
vid08_img9170.jpg,1280,720,pollen,843,422,962,501
vid08_img9170.jpg,1280,720,pollen,955,398,1068,498
vid08_img9184.jpg,1280,720,pollen,793,466,900,554
vid08_img9211.jpg,1280,720,pollen,1100,117,1190,215
vid08_img9211.jpg,1280,720,pollen,907,425,1039,509
vid08_img9242.jpg,1280,720,pollen,859,376,966,471
vid08_img9242.jpg,1280,720,pollen,1032,251,1142,352
vid08_img9270.jpg,1280,720,pollen,740,431,827,527
vid08_img9270.jpg,1280,720,pollen,807,349,917,425
vid08_img9270.jpg,1280,720,pollen,993,349,1095,439
vid08_img9270.jpg,1280,720,pollen,1129,188,1218,241
vid08_img9321.jpg,1280,720,pollen,800,293,937,387
vid08_img9321.jpg,1280,720,pollen,1031,271,1112,319
vid08_img9608.jpg,1280,720,pollen,895,1,1058,96
vid08_img9608.jpg,1280,720,pollen,1063,114,1174,225
vid08_img9679.jpg,1280,720,pollen,831,319,947,449
vid08_img9920.jpg,1280,720,pollen,776,126,945,237
vid08_img9920.jpg,1280,720,pollen,973,452,1075,540
vid09_img0169.jpg,1280,720,pollen,1002,429,1075,487
vid09_img0171.jpg,1280,720,pollen,907,423,978,496
vid09_img0173.jpg,1280,720,pollen,858,419,917,486
vid09_img0181.jpg,1280,720,pollen,681,372,749,429
vid09_img0220.jpg,1280,720,pollen,933,360,1010,421
vid09_img0221.jpg,1280,720,pollen,856,374,925,427
vid09_img0223.jpg,1280,720,pollen,796,377,857,429
vid09_img0227.jpg,1280,720,pollen,702,409,767,463
vid09_img0564.jpg,1280,720,pollen,1129,362,1205,429
vid09_img0565.jpg,1280,720,pollen,1121,359,1204,436
vid09_img0566.jpg,1280,720,pollen,1035,379,1126,442
vid09_img0567.jpg,1280,720,pollen,1037,379,1125,443
vid09_img0568.jpg,1280,720,pollen,965,378,1044,439
vid09_img0569.jpg,1280,720,pollen,965,375,1043,437
vid09_img0570.jpg,1280,720,pollen,900,357,978,422
vid09_img0571.jpg,1280,720,pollen,904,364,979,419
vid09_img0572.jpg,1280,720,pollen,847,350,920,420
vid09_img0574.jpg,1280,720,pollen,786,360,861,419
vid09_img0576.jpg,1280,720,pollen,741,384,813,437
vid09_img0578.jpg,1280,720,pollen,710,395,781,455
vid09_img0580.jpg,1280,720,pollen,675,393,747,451
vid09_img0758.jpg,1280,720,pollen,1158,355,1245,424
vid09_img0760.jpg,1280,720,pollen,1089,359,1191,429
vid09_img0762.jpg,1280,720,pollen,1040,375,1127,451
vid09_img0766.jpg,1280,720,pollen,929,399,1013,475
vid09_img0768.jpg,1280,720,pollen,891,413,971,482
vid09_img0770.jpg,1280,720,pollen,848,418,926,484
vid09_img0774.jpg,1280,720,pollen,749,419,807,488
vid09_img0777.jpg,1280,720,pollen,710,418,775,482
vid09_img0786.jpg,1280,720,pollen,625,429,688,493
vid09_img0983.jpg,1280,720,pollen,1151,235,1228,302
vid09_img0984.jpg,1280,720,pollen,1040,254,1119,322
vid09_img0986.jpg,1280,720,pollen,961,246,1030,338
vid09_img0988.jpg,1280,720,pollen,895,254,967,327
vid09_img0990.jpg,1280,720,pollen,858,250,930,321
vid09_img0992.jpg,1280,720,pollen,821,257,901,331
vid09_img0997.jpg,1280,720,pollen,774,261,841,332
vid10_img0001.jpg,1280,720,pollen,594,454,649,530
vid10_img0001.jpg,1280,720,pollen,649,440,705,520
vid10_img0001.jpg,1280,720,pollen,883,401,935,466
vid10_img0002.jpg,1280,720,pollen,600,447,647,527
vid10_img0002.jpg,1280,720,pollen,651,433,705,517
vid10_img0002.jpg,1280,720,pollen,876,391,935,458
vid10_img0003.jpg,1280,720,pollen,596,446,649,519
vid10_img0003.jpg,1280,720,pollen,645,433,706,508
vid10_img0003.jpg,1280,720,pollen,871,387,932,455
vid10_img0004.jpg,1280,720,pollen,595,440,646,516
vid10_img0004.jpg,1280,720,pollen,650,421,701,500
vid10_img0004.jpg,1280,720,pollen,880,388,924,451
vid10_img0005.jpg,1280,720,pollen,593,437,647,515
vid10_img0005.jpg,1280,720,pollen,650,409,706,492
vid10_img0005.jpg,1280,720,pollen,873,387,925,451
vid10_img0006.jpg,1280,720,pollen,594,432,650,505
vid10_img0006.jpg,1280,720,pollen,651,415,707,487
vid10_img0006.jpg,1280,720,pollen,871,382,922,453
vid10_img0007.jpg,1280,720,pollen,589,428,653,503
vid10_img0007.jpg,1280,720,pollen,648,410,706,479
vid10_img0007.jpg,1280,720,pollen,872,384,924,452
vid10_img0008.jpg,1280,720,pollen,601,424,653,502
vid10_img0008.jpg,1280,720,pollen,656,402,709,471
vid10_img0008.jpg,1280,720,pollen,869,392,927,449
vid10_img0024.jpg,1280,720,pollen,609,369,653,443
vid10_img0024.jpg,1280,720,pollen,653,380,700,454
vid10_img0024.jpg,1280,720,pollen,694,368,742,424
vid10_img0024.jpg,1280,720,pollen,842,365,897,425
vid10_img0069.jpg,1280,720,pollen,595,368,648,434
vid10_img0069.jpg,1280,720,pollen,842,417,905,495
vid10_img0070.jpg,1280,720,pollen,585,362,655,432
vid10_img0070.jpg,1280,720,pollen,761,362,813,415
vid10_img0070.jpg,1280,720,pollen,822,403,882,471
vid10_img0074.jpg,1280,720,pollen,583,360,655,418
vid10_img0074.jpg,1280,720,pollen,758,561,815,663
vid10_img0074.jpg,1280,720,pollen,801,398,865,459
vid10_img0083.jpg,1280,720,pollen,760,409,807,476
vid10_img0083.jpg,1280,720,pollen,780,376,845,430
vid10_img0097.jpg,1280,720,pollen,743,376,797,433
vid10_img0097.jpg,1280,720,pollen,792,374,851,434
vid10_img0097.jpg,1280,720,pollen,682,494,732,578
vid10_img0098.jpg,1280,720,pollen,797,372,846,433
vid10_img0098.jpg,1280,720,pollen,755,364,798,438
vid10_img0098.jpg,1280,720,pollen,652,479,706,574
vid10_img0099.jpg,1280,720,pollen,647,473,698,561
vid10_img0099.jpg,1280,720,pollen,753,361,799,429
vid10_img0099.jpg,1280,720,pollen,797,362,844,431
vid10_img0129.jpg,1280,720,pollen,630,456,696,546
vid10_img0130.jpg,1280,720,pollen,586,454,648,535
vid10_img0132.jpg,1280,720,pollen,508,454,573,536
vid10_img0133.jpg,1280,720,pollen,503,444,566,526
vid10_img0134.jpg,1280,720,pollen,505,443,569,524
vid10_img0135.jpg,1280,720,pollen,502,440,565,509
vid10_img0136.jpg,1280,720,pollen,510,434,558,508
vid10_img0137.jpg,1280,720,pollen,502,428,566,507
vid10_img0138.jpg,1280,720,pollen,501,423,568,509
vid10_img0139.jpg,1280,720,pollen,505,414,565,502
vid10_img0140.jpg,1280,720,pollen,503,405,561,486
vid10_img0141.jpg,1280,720,pollen,505,405,565,480
vid10_img0142.jpg,1280,720,pollen,512,409,566,478
vid10_img0224.jpg,1280,720,pollen,555,469,618,573
vid10_img0225.jpg,1280,720,pollen,539,441,605,539
vid10_img0295.jpg,1280,720,pollen,973,590,1045,687
vid10_img0295.jpg,1280,720,pollen,1045,570,1094,657
vid10_img0296.jpg,1280,720,pollen,1015,568,1066,663
vid10_img0297.jpg,1280,720,pollen,987,555,1056,652
vid10_img0298.jpg,1280,720,pollen,980,548,1045,641
vid10_img0299.jpg,1280,720,pollen,979,543,1024,639
vid10_img0300.jpg,1280,720,pollen,968,537,1024,631
vid10_img0301.jpg,1280,720,pollen,961,522,1020,611
vid10_img0302.jpg,1280,720,pollen,943,499,1014,587
vid10_img0303.jpg,1280,720,pollen,935,490,996,572
vid10_img0304.jpg,1280,720,pollen,917,471,976,559
vid10_img0305.jpg,1280,720,pollen,899,455,965,552
vid10_img0308.jpg,1280,720,pollen,857,410,924,490
vid10_img0308.jpg,1280,720,pollen,1042,486,1095,565
vid10_img0309.jpg,1280,720,pollen,834,388,895,477
vid10_img0309.jpg,1280,720,pollen,1023,463,1084,549
vid10_img0310.jpg,1280,720,pollen,818,379,862,466
vid10_img0310.jpg,1280,720,pollen,997,454,1056,532
vid10_img0370.jpg,1280,720,pollen,846,579,910,658
vid10_img0373.jpg,1280,720,pollen,745,509,795,599
vid10_img0374.jpg,1280,720,pollen,738,470,796,575
vid10_img0375.jpg,1280,720,pollen,753,439,808,529
vid10_img0386.jpg,1280,720,pollen,909,629,977,708
vid10_img0390.jpg,1280,720,pollen,827,579,890,659
vid10_img0390.jpg,1280,720,pollen,761,602,817,699
vid10_img0402.jpg,1280,720,pollen,688,359,733,423
vid10_img0421.jpg,1280,720,pollen,859,462,925,536
vid10_img0421.jpg,1280,720,pollen,696,561,755,654
vid10_img0428.jpg,1280,720,pollen,676,384,736,471
vid10_img0428.jpg,1280,720,pollen,816,410,886,475
vid10_img0451.jpg,1280,720,pollen,789,364,834,436
vid10_img0464.jpg,1280,720,pollen,842,434,903,512
vid10_img0465.jpg,1280,720,pollen,826,436,892,511
vid10_img0481.jpg,1280,720,pollen,925,397,974,459
vid10_img0510.jpg,1280,720,pollen,891,382,943,436
vid10_img0521.jpg,1280,720,pollen,871,367,929,438
vid10_img0521.jpg,1280,720,pollen,760,567,825,674
vid10_img0581.jpg,1280,720,pollen,743,439,810,545
vid10_img0615.jpg,1280,720,pollen,966,533,1040,643
vid10_img0616.jpg,1280,720,pollen,940,489,1009,597
vid10_img0617.jpg,1280,720,pollen,905,444,969,560
vid10_img0618.jpg,1280,720,pollen,881,424,930,534
vid10_img0619.jpg,1280,720,pollen,845,417,921,519
vid10_img0644.jpg,1280,720,pollen,627,644,709,719
vid10_img0644.jpg,1280,720,pollen,931,480,982,570
vid10_img0647.jpg,1280,720,pollen,636,625,705,712
vid10_img0647.jpg,1280,720,pollen,911,420,964,507
vid10_img0648.jpg,1280,720,pollen,648,619,715,700
vid10_img0648.jpg,1280,720,pollen,907,404,961,485
vid10_img0668.jpg,1280,720,pollen,681,492,741,569
vid10_img0690.jpg,1280,720,pollen,736,419,793,474
vid10_img0717.jpg,1280,720,pollen,765,349,833,419
vid10_img0744.jpg,1280,720,pollen,700,381,762,461
vid10_img0744.jpg,1280,720,pollen,880,409,945,498
vid10_img0757.jpg,1280,720,pollen,881,349,925,419
vid10_img0757.jpg,1280,720,pollen,801,318,856,384
vid10_img0826.jpg,1280,720,pollen,961,393,1005,459
vid10_img0826.jpg,1280,720,pollen,1022,615,1075,700
vid10_img0837.jpg,1280,720,pollen,899,400,959,470
vid10_img0868.jpg,1280,720,pollen,600,302,660,393
vid10_img0869.jpg,1280,720,pollen,586,299,663,389
vid10_img0900.jpg,1280,720,pollen,801,365,847,443
vid10_img0900.jpg,1280,720,pollen,766,590,811,678
vid10_img0915.jpg,1280,720,pollen,865,373,920,444
vid10_img0918.jpg,1280,720,pollen,586,609,667,708
vid10_img0918.jpg,1280,720,pollen,866,366,921,434
vid10_img0945.jpg,1280,720,pollen,598,520,653,617
vid10_img0951.jpg,1280,720,pollen,654,372,713,459
vid10_img1017.jpg,1280,720,pollen,815,479,880,566
vid10_img1026.jpg,1280,720,pollen,839,391,905,459
vid10_img1027.jpg,1280,720,pollen,848,389,900,458
vid10_img1028.jpg,1280,720,pollen,849,384,899,452
vid10_img1029.jpg,1280,720,pollen,844,382,903,453
vid10_img1041.jpg,1280,720,pollen,846,336,902,404
vid10_img1053.jpg,1280,720,pollen,817,489,880,579
vid10_img1054.jpg,1280,720,pollen,784,457,842,550
vid10_img1055.jpg,1280,720,pollen,758,425,815,514
vid10_img1090.jpg,1280,720,pollen,886,325,939,393
vid10_img1109.jpg,1280,720,pollen,465,629,563,688
vid10_img1110.jpg,1280,720,pollen,467,630,567,681
vid10_img1122.jpg,1280,720,pollen,537,576,625,661
vid10_img1129.jpg,1280,720,pollen,549,523,633,609
vid10_img1136.jpg,1280,720,pollen,559,471,635,558
vid10_img1163.jpg,1280,720,pollen,334,558,389,645
vid10_img1163.jpg,1280,720,pollen,498,401,552,477
vid10_img1206.jpg,1280,720,pollen,918,389,975,462
vid10_img1264.jpg,1280,720,pollen,874,370,927,416
vid10_img1301.jpg,1280,720,pollen,464,376,540,429
vid10_img1348.jpg,1280,720,pollen,874,512,943,625
vid10_img1353.jpg,1280,720,pollen,911,361,974,454
vid10_img1353.jpg,1280,720,pollen,815,435,878,539
vid10_img1354.jpg,1280,720,pollen,804,432,875,534
vid10_img1354.jpg,1280,720,pollen,908,358,971,435
vid10_img1480.jpg,1280,720,pollen,534,536,608,636
vid10_img1481.jpg,1280,720,pollen,571,530,640,620
vid10_img1482.jpg,1280,720,pollen,611,522,685,605
vid10_img1502.jpg,1280,720,pollen,762,430,824,513
vid10_img1503.jpg,1280,720,pollen,759,431,822,509
vid10_img1510.jpg,1280,720,pollen,738,377,803,461
vid10_img1553.jpg,1280,720,pollen,878,465,935,541
vid10_img1569.jpg,1280,720,pollen,886,371,935,438
vid10_img1586.jpg,1280,720,pollen,365,519,431,630
vid10_img1622.jpg,1280,720,pollen,911,372,964,459
vid10_img1622.jpg,1280,720,pollen,647,429,703,514
vid10_img1623.jpg,1280,720,pollen,620,401,688,489
vid10_img1623.jpg,1280,720,pollen,906,369,959,449
vid10_img1624.jpg,1280,720,pollen,624,407,688,480
vid10_img1624.jpg,1280,720,pollen,895,362,952,437
vid10_img1652.jpg,1280,720,pollen,625,607,686,707
vid10_img1653.jpg,1280,720,pollen,618,596,683,697
vid10_img1661.jpg,1280,720,pollen,631,540,696,623
vid10_img1661.jpg,1280,720,pollen,1026,426,1071,498
vid10_img1686.jpg,1280,720,pollen,686,363,736,445
vid10_img1703.jpg,1280,720,pollen,475,417,550,498
vid10_img1719.jpg,1280,720,pollen,483,371,540,449
vid10_img1719.jpg,1280,720,pollen,490,500,551,594
vid10_img1762.jpg,1280,720,pollen,782,441,836,544
vid10_img1766.jpg,1280,720,pollen,744,318,809,407
vid10_img1782.jpg,1280,720,pollen,935,403,986,504
vid10_img1800.jpg,1280,720,pollen,636,467,700,562
vid10_img1816.jpg,1280,720,pollen,626,324,683,392
vid10_img1816.jpg,1280,720,pollen,955,439,1023,511
vid10_img1835.jpg,1280,720,pollen,899,339,951,422
vid10_img1841.jpg,1280,720,pollen,895,317,946,377
vid10_img1841.jpg,1280,720,pollen,1066,518,1126,614
vid10_img1852.jpg,1280,720,pollen,791,370,858,451
vid10_img1859.jpg,1280,720,pollen,779,350,851,434
vid10_img1868.jpg,1280,720,pollen,785,323,837,404
vid10_img2006.jpg,1280,720,pollen,815,384,880,492
vid10_img2020.jpg,1280,720,pollen,1000,489,1051,575
vid10_img2026.jpg,1280,720,pollen,926,448,986,519
vid10_img2041.jpg,1280,720,pollen,884,350,946,427
vid10_img2117.jpg,1280,720,pollen,579,327,650,399
vid10_img2123.jpg,1280,720,pollen,561,321,641,395
vid10_img2123.jpg,1280,720,pollen,950,595,1011,714
vid10_img2176.jpg,1280,720,pollen,605,576,688,660
vid10_img2176.jpg,1280,720,pollen,818,632,895,700
vid10_img2222.jpg,1280,720,pollen,735,482,795,574
vid10_img2222.jpg,1280,720,pollen,772,630,835,700
vid10_img2237.jpg,1280,720,pollen,687,409,751,496
vid10_img2237.jpg,1280,720,pollen,739,544,811,625
vid10_img2241.jpg,1280,720,pollen,675,389,743,481
vid10_img2241.jpg,1280,720,pollen,722,527,787,608
vid10_img2263.jpg,1280,720,pollen,686,316,744,384
vid10_img2263.jpg,1280,720,pollen,704,391,765,469
vid10_img2352.jpg,1280,720,pollen,691,521,745,637
vid10_img2352.jpg,1280,720,pollen,1155,624,1241,682
vid10_img2373.jpg,1280,720,pollen,975,496,1050,591
vid10_img2373.jpg,1280,720,pollen,1119,600,1181,643
vid10_img2398.jpg,1280,720,pollen,566,455,638,548
vid10_img2398.jpg,1280,720,pollen,751,369,805,467
vid10_img2505.jpg,1280,720,pollen,905,500,965,580
vid10_img2506.jpg,1280,720,pollen,898,485,962,569
vid10_img2526.jpg,1280,720,pollen,855,361,909,431
vid10_img2526.jpg,1280,720,pollen,965,548,1035,652
vid10_img2689.jpg,1280,720,pollen,717,363,773,442
vid10_img2689.jpg,1280,720,pollen,888,412,952,524
vid10_img2847.jpg,1280,720,pollen,545,483,601,579
vid10_img2847.jpg,1280,720,pollen,1215,622,1280,699
vid10_img2888.jpg,1280,720,pollen,845,355,899,423
vid10_img2901.jpg,1280,720,pollen,600,580,663,676
vid10_img2901.jpg,1280,720,pollen,815,318,872,380
vid10_img2901.jpg,1280,720,pollen,892,322,939,399
vid10_img2920.jpg,1280,720,pollen,584,418,649,506
vid10_img3030.jpg,1280,720,pollen,739,425,803,508
vid10_img3092.jpg,1280,720,pollen,949,545,1013,668
vid10_img3110.jpg,1280,720,pollen,998,532,1061,607
vid10_img3237.jpg,1280,720,pollen,451,607,512,704
vid10_img3237.jpg,1280,720,pollen,910,590,965,700
vid10_img3272.jpg,1280,720,pollen,580,378,635,479
vid10_img3272.jpg,1280,720,pollen,717,400,791,479
vid10_img3272.jpg,1280,720,pollen,506,400,567,489
vid10_img3362.jpg,1280,720,pollen,672,394,725,451
vid10_img3362.jpg,1280,720,pollen,509,413,592,487
vid10_img3401.jpg,1280,720,pollen,651,466,713,563
vid10_img3402.jpg,1280,720,pollen,632,468,694,555
vid10_img3402.jpg,1280,720,pollen,925,628,996,706
vid10_img3419.jpg,1280,720,pollen,626,373,681,437
vid10_img3419.jpg,1280,720,pollen,708,405,767,496
vid10_img3419.jpg,1280,720,pollen,775,412,829,489
vid10_img3494.jpg,1280,720,pollen,753,414,811,514
vid10_img3669.jpg,1280,720,pollen,785,457,868,527
vid10_img3720.jpg,1280,720,pollen,431,636,504,720
vid10_img3721.jpg,1280,720,pollen,431,627,505,720
vid10_img3727.jpg,1280,720,pollen,441,593,518,683
vid10_img3740.jpg,1280,720,pollen,459,511,522,603
vid10_img3740.jpg,1280,720,pollen,763,473,804,571
vid12_img0553.jpg,1280,720,pollen,32,528,172,715
vid12_img0554.jpg,1280,720,pollen,53,514,170,713
vid12_img0555.jpg,1280,720,pollen,57,509,179,710
vid12_img0556.jpg,1280,720,pollen,62,490,176,708
vid12_img0571.jpg,1280,720,pollen,84,391,205,549
vid12_img0579.jpg,1280,720,pollen,19,342,193,473
vid12_img0588.jpg,1280,720,pollen,29,307,207,423
vid12_img0609.jpg,1280,720,pollen,215,371,397,511
vid12_img0618.jpg,1280,720,pollen,343,336,497,493
vid12_img0637.jpg,1280,720,pollen,525,375,671,488
vid12_img0653.jpg,1280,720,pollen,5,301,205,431
vid12_img0653.jpg,1280,720,pollen,521,376,687,499
vid12_img0657.jpg,1280,720,pollen,79,323,296,445
vid12_img0657.jpg,1280,720,pollen,525,369,687,506
vid12_img0678.jpg,1280,720,pollen,365,316,541,448
vid12_img0678.jpg,1280,720,pollen,535,376,675,503
vid12_img0682.jpg,1280,720,pollen,380,340,557,464
vid12_img0682.jpg,1280,720,pollen,541,381,692,510
vid12_img0886.jpg,1280,720,pollen,16,325,211,450
vid12_img0890.jpg,1280,720,pollen,81,326,275,455
vid12_img0896.jpg,1280,720,pollen,154,348,345,486
vid12_img0904.jpg,1280,720,pollen,245,366,403,506
vid12_img0919.jpg,1280,720,pollen,362,354,557,477
vid12_img0936.jpg,1280,720,pollen,538,375,713,518
vid12_img0951.jpg,1280,720,pollen,536,385,698,519
vid14_img0001.jpg,1280,720,pollen,646,176,774,326
vid14_img0001.jpg,1280,720,pollen,820,254,959,389
vid14_img0001.jpg,1280,720,pollen,423,344,593,465
vid14_img0007.jpg,1280,720,pollen,398,295,517,402
vid14_img0007.jpg,1280,720,pollen,433,407,572,521
vid14_img0007.jpg,1280,720,pollen,805,209,960,328
vid14_img0007.jpg,1280,720,pollen,844,274,953,437
vid14_img0007.jpg,1280,720,pollen,1008,392,1139,589
vid14_img0012.jpg,1280,720,pollen,413,346,565,505
vid14_img0012.jpg,1280,720,pollen,882,478,1051,615
vid14_img0012.jpg,1280,720,pollen,805,172,934,335
vid14_img0012.jpg,1280,720,pollen,929,370,1068,503
vid14_img0049.jpg,1280,720,pollen,1066,524,1229,720
vid14_img0062.jpg,1280,720,pollen,791,4,912,201
vid14_img0062.jpg,1280,720,pollen,1081,562,1246,720
vid14_img0072.jpg,1280,720,pollen,959,436,1085,628
vid14_img0105.jpg,1280,720,pollen,902,243,1027,396
vid14_img0105.jpg,1280,720,pollen,58,568,189,719
vid14_img0105.jpg,1280,720,pollen,912,560,1047,709
vid14_img0166.jpg,1280,720,pollen,156,464,291,628
vid14_img0166.jpg,1280,720,pollen,436,334,615,529
vid14_img0166.jpg,1280,720,pollen,685,518,824,621
vid14_img0166.jpg,1280,720,pollen,735,601,887,720
vid14_img0177.jpg,1280,720,pollen,183,480,327,611
vid14_img0177.jpg,1280,720,pollen,340,469,469,605
vid14_img0177.jpg,1280,720,pollen,522,491,677,638
vid14_img0177.jpg,1280,720,pollen,629,433,758,558
vid14_img0177.jpg,1280,720,pollen,686,591,865,719
vid14_img0183.jpg,1280,720,pollen,169,439,285,563
vid14_img0183.jpg,1280,720,pollen,346,425,479,566
vid14_img0183.jpg,1280,720,pollen,532,447,653,603
vid14_img0183.jpg,1280,720,pollen,605,379,752,509
vid14_img0183.jpg,1280,720,pollen,621,535,774,644
vid14_img0183.jpg,1280,720,pollen,718,646,851,720
vid14_img0231.jpg,1280,720,pollen,638,323,793,449
vid14_img0231.jpg,1280,720,pollen,794,241,905,388
vid14_img0231.jpg,1280,720,pollen,523,513,680,637
vid14_img0252.jpg,1280,720,pollen,400,488,587,628
vid14_img0252.jpg,1280,720,pollen,633,314,764,407
vid14_img0252.jpg,1280,720,pollen,966,461,1112,596
vid14_img0272.jpg,1280,720,pollen,447,449,581,592
vid14_img0289.jpg,1280,720,pollen,412,416,539,536
vid14_img0289.jpg,1280,720,pollen,514,499,625,608
vid14_img0289.jpg,1280,720,pollen,572,356,763,483
vid15_img0714.jpg,1280,720,pollen,374,159,482,288
vid15_img0718.jpg,1280,720,pollen,396,180,501,293
vid15_img0723.jpg,1280,720,pollen,385,225,501,349
vid15_img0723.jpg,1280,720,pollen,825,471,936,593
vid15_img0738.jpg,1280,720,pollen,641,309,735,402
vid15_img0738.jpg,1280,720,pollen,480,219,579,336
vid15_img0767.jpg,1280,720,pollen,550,306,646,402
vid15_img0789.jpg,1280,720,pollen,565,362,630,442
vid15_img0842.jpg,1280,720,pollen,536,290,596,369
vid15_img0875.jpg,1280,720,pollen,393,77,478,162
vid15_img0895.jpg,1280,720,pollen,540,314,625,379
vid15_img0895.jpg,1280,720,pollen,347,182,412,288
vid15_img0929.jpg,1280,720,pollen,584,298,656,381
vid15_img0929.jpg,1280,720,pollen,252,226,356,312
vid15_img0962.jpg,1280,720,pollen,301,241,425,326
vid15_img0974.jpg,1280,720,pollen,313,246,439,349
vid15_img0985.jpg,1280,720,pollen,283,275,408,379
vid15_img1001.jpg,1280,720,pollen,425,248,533,366
vid15_img1047.jpg,1280,720,pollen,315,298,449,405
vid15_img1055.jpg,1280,720,pollen,345,325,445,444
vid15_img1077.jpg,1280,720,pollen,368,370,477,481
vid15_img1082.jpg,1280,720,pollen,374,376,492,497
